atomic_num,electronegativity,d_electrons,coordination_n,carbon_support_ratio,energy_barrier,stability_index,selectivity,activity
78.0,2.28,9.0,0.0,0.8,8.5,9.5,0.98,0.97
78.00993428306022,2.277234713976576,9.012953770762014,0.0,0.7953169325055334,8.514901424590336,9.494469427953153,0.9802590754152403,0.9706092119425632
77.99531726086101,2.3115842563101476,9.015348694583059,0.0,0.8108512008717194,8.492975891291525,9.563168512620296,0.9803069738916611,0.969812210245626
77.99073164614376,2.2706854049285945,9.00483924543132,0.0,0.7655016433497394,8.486097469215625,9.48137080985719,0.9800967849086264,0.9692346879021368
77.98875424941518,2.259743377593311,9.006284946651906,0.0,0.7717539259732942,8.48313137412277,9.459486755186623,0.9801256989330381,0.9696367903697914
78.02931297537843,2.275484473990269,9.001350564093759,0.0,0.7891123455094964,8.543969463067647,9.490968947980539,0.9800270112818752,0.9694301007255146
78.00221845179419,2.256980128451554,9.007513960366914,0.0,0.7941661250041345,8.503327677691296,9.453960256903107,0.9801502792073382,0.9697597445240325
77.9879658677554,2.3170455636901788,8.99973005550524,0.0,0.8164508982420638,8.481948801633118,9.574091127380358,0.9799946011101048,0.9695769156284176
77.97558312700058,2.284177271900095,8.960806597522405,0.0,0.8039372247173825,8.463374690500869,9.50835454380019,0.9792161319504481,0.9694687255804406
78.01476933159991,2.2834273656237993,8.997687034352236,0.0,0.7704295601926515,8.522153997399862,9.506854731247598,0.9799537406870447,0.9698795585217642
77.9856031158321,2.270787224580804,9.021142444524378,0.0,0.7647391968927454,8.478404673748159,9.481574449161608,0.9804228488904876,0.9701374473158274
78.00648167938789,2.2722983543916735,8.98646155999388,0.0,0.8206199904499191,8.509722519081844,9.484596708783346,0.9797292311998776,0.9702446705155363
78.01862560238233,2.263215649535547,8.993815752482975,0.0,0.8195109025424472,8.527938403573486,9.466431299071095,0.9798763150496594,0.9701325053725613
77.9904165152431,2.2762868204667233,8.97787330051988,0.0,0.816250516447884,8.485624772864641,9.492573640933447,0.9795574660103976,0.9695215173503677
78.02712480057141,2.278559797568393,9.02007065795784,0.0,0.7870976049078976,8.540687200857125,9.497119595136787,0.9804014131591567,0.9701446544100191
78.00722791211017,2.310760731329319,8.999283479217802,0.0,0.7476050979182052,8.510841868165253,9.56152146265864,0.979985669584356,0.9706258574623255
78.0164380500875,2.281740941364763,8.994019852990682,0.0,0.7602486217079822,8.524657075131257,9.503481882729528,0.9798803970598137,0.9700367043106142
77.99560656224325,2.2871422514302346,9.02955788089483,0.0,0.7838301279421362,8.493409843364875,9.51428450286047,0.9805911576178966,0.9697926919126905
77.9899648591283,2.298308042354041,9.006575022193193,0.0,0.8102653486622672,8.484947288692464,9.536616084708083,0.9801315004438639,0.9697880959184931
78.00194155098696,2.2993728998106575,8.985958938122453,0.0,0.7921578369373569,8.502912326480441,9.538745799621315,0.9797191787624491,0.9698689351413609
77.97072970103736,2.2859224055412914,9.005221105443598,0.0,0.7953082573324971,8.456094551556037,9.511844811082582,0.9801044221088719,0.970002045382657
77.97169258515899,2.2715870935446927,8.993145709669465,0.0,0.7967742857666799,8.457538877738488,9.483174187089386,0.9798629141933892,0.9696790890923114
78.00808101713629,2.3177237180242103,9.003491556256638,0.0,0.7985110816846767,8.512121525704437,9.575447436048421,0.9800698311251327,0.9701030201562891
77.96162457569402,2.2794697224910156,9.00120460419882,0.0,0.7961527807043776,8.44243686354103,9.498939444982032,0.9800240920839763,0.9709852968449941
78.00603094684668,2.279305764605895,8.976626439247609,0.0,0.8150386606537355,8.509046420270009,9.49861152921179,0.9795325287849521,0.970457129125806
78.01582063894087,2.261812250904105,9.028055886218722,0.0,0.8117371418760054,8.523730958411292,9.46362450180821,0.9805611177243744,0.9694392595748831
77.0,2.2,7.0,0.0,0.0,9.8,9.3,0.96,0.94
77.0438091125162,2.1801892734973864,6.988674045407945,0.0,0.0,9.8657136687743,9.260378546994772,0.9597734809081588,0.940039860546035
76.96898673137868,2.2013712594961206,6.978753925725478,0.0,0.0,9.753480097068017,9.302742518992241,0.9595750785145095,0.940189436972254
77.03099868810035,2.1843349341532754,6.993558769675887,0.0,0.0,9.846498032150526,9.268669868306551,0.9598711753935177,0.9403254068869478
77.00454919869209,2.226142855085649,6.967850335308776,0.0,0.005197655884968471,9.806823798038124,9.352285710171298,0.9593570067061755,0.9400738535434129
77.01563645743555,2.1752609857824385,6.973590867738315,0.0,0.005939693464663721,9.82345468615332,9.250521971564877,0.9594718173547663,0.9402087766262467
77.00500985700691,2.20692896418994,6.98639950556843,0.0,0.0058614494659736255,9.807514785510376,9.31385792837988,0.9597279901113686,0.9400929014788644
76.98571297163947,2.2373154902228953,7.009476658418236,0.0,0.013131072172676594,9.77856945745921,9.37463098044579,0.9601895331683646,0.9395234786011188
76.98050636659545,2.2157416920748494,7.023171911580148,0.0,0.019267522584886437,9.770759549893182,9.3314833841497,0.960463438231603,0.9396717270726592
77.00825561853873,2.21644120319989,7.0379358596530786,0.0,0.0,9.812383427808095,9.332882406399781,0.9607587171930615,0.9399018447535988
76.98220971140749,2.1836837943006913,6.998457965811718,0.0,0.005533815986600381,9.773314567111235,9.267367588601383,0.9599691593162343,0.9401364607899266
77.01654366498072,2.2002600378375585,7.029070681543146,0.0,0.05440338333179238,9.824815497471082,9.300520075675117,0.9605814136308629,0.9398941372667048
77.0125133469553,2.1828568488716744,6.978582150038778,0.0,0.0,9.81877002043295,9.26571369774335,0.9595716430007755,0.9401929889660973
77.01428000988184,2.209464752491471,6.998543421746863,0.0,0.0,9.821420014822763,9.318929504982943,0.9599708684349372,0.9396612825127726
76.99106970095866,2.2171279758864695,7.004281874882604,0.0,0.00346361851702364,9.786604551437991,9.33425595177294,0.9600856374976521,0.9395017044885151
77.00770634759458,2.1823228512759774,7.003074502118911,0.0,0.0,9.811559521391866,9.264645702551956,0.9600614900423782,0.9400232834873783
77.00715574720697,2.2112156905273648,7.021661024863506,0.0,0.0,9.81073362081045,9.32243138105473,0.9604332204972701,0.9404215208208139
76.9812434992017,2.2103007053441734,7.010275719018244,0.0,0.07705462981309442,9.771865248802547,9.320601410688347,0.9602055143803648,0.9402060190745224
77.01141781021386,2.2227113128036122,7.019080035269864,0.0,0.0,9.817126715320796,9.345422625607224,0.9603816007053972,0.9402605565005223
77.01517938440986,2.184543495709249,6.995263627865199,0.0,0.0016374827877264511,9.822769076614799,9.269086991418497,0.959905272557304,0.9398058545808683
77.04629317133347,2.162654696148165,7.01372520380749,0.0,0.0,9.869439757000206,9.225309392296332,0.9602745040761498,0.9393549136515241
77.02177901193934,2.2012856003819095,6.9784451044414135,0.0,0.013591954978693517,9.832668517909022,9.302571200763818,0.9595689020888283,0.939713878516296
76.98539266736566,2.2043291717916396,7.000911436798076,0.0,0.04287888178650651,9.778089001048487,9.30865834358328,0.9600182287359615,0.9397393598609576
77.01267838044636,2.159497148266848,7.0037290862953885,0.0,0.01704866669592448,9.81901757066954,9.218994296533696,0.9600745817259078,0.9397352854140926
76.98414958523135,2.1977052711706624,7.010099745579609,0.0,0.0,9.77622437784702,9.295410542341324,0.9602019949115922,0.940346302077668
76.99330997528318,2.1905010937767813,6.986933415348526,0.0,0.008099634219219111,9.789964962924772,9.281002187553563,0.9597386683069705,0.9407061816961124
44.0,2.2,7.0,0.0,0.0,10.1,8.8,0.95,0.93
43.9747823209133,2.2183572389410955,7.042443123940252,0.0,0.0,10.062173481369948,8.836714477882191,0.950848862478805,0.9304129861042205
43.99031531854268,2.2253382229837326,6.9858466106876245,0.0,0.015492681068586736,10.085472977814012,8.850676445967466,0.9497169322137524,0.9301775277712585
43.98146139056844,2.1988094928787643,6.935174653198619,0.0,0.0,10.072192085852658,8.797618985757529,0.9487034930639723,0.9295902449434663
43.9750443363607,2.232648226078633,6.9713971724407875,0.0,0.002614811545721827,10.062566504541055,8.865296452157265,0.9494279434488156,0.9298239822053213
44.028825465781324,2.1712827569764115,7.023263275043099,0.0,0.0,10.143238198671984,8.742565513952822,0.950465265500862,0.9300040932244079
44.00924206948527,2.2039811939114697,6.987995662456824,0.0,0.0,10.113863104227898,8.80796238782294,0.9497599132491364,0.9300279208339961
44.00227034690503,2.2132426134904213,7.031720336322907,0.0,0.04266066749312533,10.103405520357537,8.826485226980843,0.950634406726458,0.9295048738004693
43.96095824400955,2.1969642980992887,7.011766344129692,0.0,0.0,10.041437366014325,8.793928596198578,0.9502353268825938,0.9301123967470941
43.99583755499285,2.1901399813068236,6.988212704861116,0.0,0.007140309719300947,10.093756332489281,8.780279962613648,0.9497642540972223,0.9303398408388085
43.986141808094786,2.217991997508665,7.006145990417532,0.0,0.012592576838472244,10.07921271214218,8.835983995017331,0.9501229198083506,0.9303251448475356
43.98342009978156,2.1887963791960607,7.014945872102465,0.0,0.0,10.075130149672338,8.777592758392123,0.9502989174420493,0.9302441481061734
44.00234654766618,2.2255532979157686,6.988168572223284,0.0,0.0,10.103519821499264,8.851106595831538,0.9497633714444657,0.930218838952468
43.99564637593546,2.221975537039744,7.016508326979761,0.0,0.026109576143086583,10.093469563903183,8.843951074079488,0.9503301665395951,0.9303254038544003
44.000420076832654,2.2136390594258994,6.993794664868131,0.0,0.0,10.100630115248983,8.8272781188518,0.9498758932973626,0.9301296665409954
44.00193991929986,2.2119031405087384,6.983635586335331,0.0,0.0,10.10290987894978,8.823806281017477,0.9496727117267065,0.9308369549102742
43.97571622774424,2.2231622174700014,7.015833253879259,0.0,0.012566910185285598,10.063574341616368,8.846324434940003,0.9503166650775852,0.930249647926821
43.99975506454306,2.1820549125702837,7.001516091163874,0.0,0.019502394668355023,10.099632596814592,8.764109825140567,0.9500303218232774,0.9297291353153952
43.99705885236996,2.18349005606415,6.99357228316694,0.0,0.0,10.095588278554935,8.7669801121283,0.9498714456633388,0.9301651725817103
43.98355559208867,2.2048737442298383,7.004899331422174,0.0,0.0,10.075333388133007,8.809747488459678,0.9500979866284435,0.9297972227298515
44.00464099874715,2.1710383131700537,6.971850724512469,0.0,0.0,10.106961498120729,8.742076626340108,0.9494370144902493,0.9297126223114991
44.00621815131196,2.229507124338991,7.017153192464041,0.0,0.0,10.10932722696794,8.859014248677983,0.9503430638492808,0.9299360245880147
43.97994941270724,2.1996297372801523,6.994226827221597,0.0,0.0,10.069924119060865,8.799259474560305,0.949884536544432,0.9301290874241352
44.010386930284824,2.230654778260052,6.997824797030863,0.0,0.01380287983422225,10.115580395427235,8.861309556520103,0.9499564959406173,0.9301606846888396
43.991975590562284,2.2044818496362084,7.000251848015636,0.0,0.0,10.087963385843425,8.808963699272418,0.9500050369603127,0.9300390704394196
44.00049020348518,2.2099599658249094,7.029022872155901,0.0,0.04306364915023113,10.100735305227769,8.81991993164982,0.9505804574431179,0.9303837083304342
26.5,1.85,6.5,4.0,0.7,10.8,8.5,0.95,0.93
26.48465304874224,1.8674464127344137,6.503666840114767,4.0,0.6838340342928969,10.776979573113358,8.534892825468827,0.9500733368022953,0.9308759211732871
26.483205563156385,1.8380121470911197,6.457522085513804,4.0,0.684817346768926,10.774808344734577,8.476024294182238,0.9491504417102761,0.9297896979913277
26.503007875729523,1.8568351195155433,6.5375234167843175,4.0,0.6884619268867519,10.804511813594287,8.513670239031086,0.9507504683356863,0.9303801695352745
26.482031706573032,1.8598383834301302,6.473595335859587,4.0,0.7235888024144257,10.77304755985955,8.519676766860261,0.9494719067171917,0.9307325835063418
26.490616486957904,1.8157373094181826,6.527077447483308,4.0,0.7247563262394692,10.785924730436859,8.431474618836365,0.9505415489496661,0.929954184061899
26.468111446824114,1.8380124995409246,6.500104873994363,4.0,0.6909986905704151,10.75216717023617,8.476024999081849,0.9500020974798872,0.9300187922375059
26.51245699864695,1.8286475914123481,6.497152410299574,4.0,0.710288776681175,10.818685497970426,8.457295182824696,0.9499430482059914,0.9300481182526849
26.51423229756178,1.8275071581632427,6.469317716585287,4.0,0.7066462802395918,10.821348446342668,8.455014316326485,0.9493863543317057,0.9305110707287595
26.48503026926887,1.8810230395104506,6.5023134926858575,4.0,0.7013503696282022,10.777545403903304,8.5620460790209,0.9500462698537171,0.9304717188736256
26.54121495849764,1.8851068168488643,6.495020717030418,4.0,0.7129075189917029,10.86182243774646,8.570213633697728,0.9499004143406083,0.9303886283803818
26.527372631150648,1.830701530788398,6.513721029199969,4.0,0.6648252102715376,10.84105894672597,8.461403061576796,0.9502744205839994,0.9304233697947398
26.476334829746683,1.8092153564447981,6.494611863311109,4.0,0.7300471410419205,10.764502244620028,8.418430712889595,0.9498922372662222,0.9302870169023184
26.501481895608396,1.8825723109114259,6.4723979708357025,4.0,0.6988890460220676,10.802222843412594,8.565144621822851,0.949447959416714,0.929318647024258
26.507681308978785,1.8493461050381181,6.458651157999203,4.0,0.6739106099899029,10.81152196346818,8.498692210076236,0.949173023159984,0.9299643519841949
26.5133934509766,1.857331964921937,6.481202404273453,4.0,0.6788157295622209,10.820090176464902,8.514663929843874,0.949624048085469,0.9297944532330654
26.498746418054537,1.8691028464100248,6.480285479073289,4.0,0.6893948476325511,10.798119627081805,8.53820569282005,0.9496057095814657,0.9302016186062072
26.484142543354753,1.8478593928009088,6.479295153551613,4.0,0.676042442148223,10.776213815032131,8.495718785601818,0.9495859030710322,0.9297785402778612
26.53929450265833,1.8507052710394347,6.4860054898401485,4.0,0.6977534390061834,10.858941753987493,8.501410542078869,0.9497201097968029,0.9300855919642937
26.495580608009334,1.8622833340008687,6.5151501542009465,4.0,0.6884836351871063,10.793370912014003,8.524566668001738,0.9503030030840188,0.9297877995409558
26.494498966056966,1.8039615767052883,6.4696961787560285,4.0,0.7328993542700256,10.791748449085452,8.407923153410577,0.9493939235751205,0.9305467497069778
26.495019279208872,1.8615311392611154,6.50622500309087,4.0,0.7223914982286915,10.792528918813309,8.52306227852223,0.9501245000618174,0.9312315523233822
26.497441648170383,1.8308891911879916,6.467871073594848,4.0,0.6848729850943139,10.796162472255578,8.461778382375982,0.949357421471897,0.9300813854543469
26.471554925808046,1.8370685423151496,6.4783690399277125,4.0,0.7176327951389889,10.75733238871207,8.474137084630298,0.9495673807985542,0.930674856654029
26.49984054717367,1.8795988827778005,6.501547366152952,4.0,0.7304624815453931,10.799760820760502,8.5591977655556,0.950030947323059,0.9296554863194687
26.510778200873695,1.829255076913471,6.4961932264383275,4.0,0.6723440053807133,10.816167301310541,8.458510153826941,0.9499238645287665,0.9296497526986461
27.0,1.87,7.0,6.0,0.0,11.0,8.3,0.94,0.92
27.018523550950633,1.9081883328094027,6.972028648523617,6.0,0.0,11.027785326425949,8.376376665618807,0.9394405729704723,0.9202251876946763
26.990257492324705,1.8581521215152228,6.9827201846064035,6.0,0.0,10.98538623848706,8.276304243030445,0.939654403692128,0.9200194086511779
27.005409136515595,1.8689952378110173,6.995221039062672,6.0,0.0,11.008113704773395,8.297990475622035,0.9399044207812534,0.9196369745351834
27.015107824516516,1.8800183437524878,6.980448895104029,6.0,0.015027742467435781,11.022661736774772,8.320036687504976,0.9396089779020805,0.9200397329221718
26.96661189437757,1.8808672038475989,6.986747524821083,6.0,0.0,10.949917841566359,8.321734407695198,0.9397349504964216,0.9202282394674373
26.963902357986708,1.8374491512423368,7.000961698933228,6.0,0.0,10.945853536980064,8.234898302484675,0.9400192339786645,0.9201038890006886
27.012771849175547,1.8367695987546209,6.9986784040270535,6.0,0.0,11.019157773763322,8.233539197509243,0.939973568080541,0.919515593520095
27.000947973426328,1.852791732694321,6.992308889115404,6.0,0.0,11.001421960139492,8.265583465388643,0.9398461777823081,0.9204025171236858
27.016713842241302,1.8474058629068477,7.010596083558306,6.0,0.0,11.025070763361954,8.254811725813695,0.9402119216711661,0.9205766274482632
26.98406209489059,1.881541442543611,6.99593909227914,6.0,0.0,10.976093142335886,8.323082885087222,0.9399187818455828,0.9201484583493486
27.001731795749457,1.8668864552921585,7.023355641233196,6.0,0.006752053241504043,11.002597693624187,8.293772910584318,0.9404671128246639,0.9201017683373205
26.99176246067755,1.8602478755185503,6.991348836243607,6.0,0.0,10.987643691016325,8.280495751037101,0.9398269767248721,0.9201577808569513
27.005795497137928,1.911508015972909,7.017422494068634,6.0,0.024024278443278896,11.008693245706892,8.383016031945818,0.9403484498813727,0.9198695905871329
26.991838492539568,1.829237509296443,6.979838273781652,6.0,0.0,10.987757738809353,8.218475018592887,0.939596765475633,0.9192516832315897
27.000368367583793,1.9035287462455057,7.006538547475283,6.0,0.016588111623669785,11.000552551375687,8.367057492491012,0.9401307709495056,0.9199123597884765
26.955777293819843,1.8747122911621714,7.015417303877739,6.0,0.022875080864138583,10.933665940729764,8.309424582324343,0.9403083460775548,0.9194085655016881
27.00676992814989,1.8616942417219842,7.012655637322125,6.0,0.003637325101169903,11.010154892224833,8.283388483443968,0.9402531127464424,0.9209082771431218
27.004964411726007,1.8608127820091953,6.983003112610704,6.0,0.0,11.00744661758901,8.281625564018391,0.939660062252214,0.9203321343266178
27.001431324744388,1.8604468510646979,7.009579596514928,6.0,0.020750798885157986,11.002146987116582,8.280893702129395,0.9401915919302986,0.9201334648421148
26.989799672022905,1.8646025012941327,6.980424725684354,6.0,0.007546009860897044,10.984699508034357,8.289205002588266,0.939608494513687,0.9198222826959696
27.01513977233291,1.8515566935164476,7.017392118402113,6.0,0.008268698064474018,11.02270965849936,8.263113387032895,0.9403478423680423,0.9205422551435221
27.037535916251162,1.8545242160179287,6.975106905933772,6.0,0.02992088622978366,11.056303874376741,8.269048432035857,0.9395021381186753,0.9192885119004384
27.01308731312708,1.868888306581791,7.0055993725263965,6.0,0.04891503959233653,11.019630969690622,8.297776613163583,0.9401119874505278,0.9195498043810807
27.002584423639505,1.8721878958920979,7.014515332477973,6.0,0.0044776804855826274,11.003876635459257,8.304375791784196,0.9402903066495594,0.9201924036926947
26.984190510891093,1.87942936714272,7.037640489929501,6.0,0.031863732532787944,10.976285766336641,8.31885873428544,0.94075280979859,0.920538168018462
26.0,1.83,6.0,4.0,0.75,11.2,8.2,0.96,0.94
25.989775686471376,1.8102079035948284,5.997484261598007,4.0,0.771883830369419,11.184663529707064,8.160415807189656,0.9599496852319601,0.9400222899649154
25.966150707405703,1.8605910063892124,5.99683984202842,4.0,0.7297579124947966,11.149226061108555,8.261182012778423,0.9599367968405683,0.939829247572021
25.966902866562684,1.8464634116792384,6.001466359343768,4.0,0.7240984245587276,11.150354299844027,8.232926823358476,0.9600293271868753,0.9394840156401035
25.993284306014196,1.863380430505788,5.994808172972728,4.0,0.7450851387182811,11.189926459021295,8.266760861011575,0.9598961634594545,0.9393987428187527
25.994545528605048,1.7760622671411685,5.9989141026696435,4.0,0.7639241272962684,11.19181829290757,8.092124534282336,0.9599782820533929,0.9399076261879165
26.036979121898906,1.8525313005909552,5.994622226188904,4.0,0.8014671960649972,11.25546868284836,8.24506260118191,0.959892444523778,0.9395573896365033
26.00118436868029,1.830278585838259,5.9995174982578,4.0,0.7471127917615211,11.201776553020434,8.200557171676516,0.959990349965156,0.9400792339043071
25.988526759862395,1.8190628211751922,5.99934493459568,4.0,0.7357430843464567,11.182790139793592,8.178125642350384,0.9599868986919136,0.9397826300915464
26.00212860455384,1.8249004556515829,6.030079859771654,4.0,0.7718301370384493,11.203192906830756,8.189800911303164,0.960601597195433,0.9389396120766428
26.02492170384995,1.7885321953518372,5.993146248118393,4.0,0.7218497661056436,11.237382555774929,8.117064390703673,0.9598629249623678,0.9398514236536016
25.984443666248183,1.8077884830906834,6.035045408868473,4.0,0.7754311018998832,11.176665499372273,8.155576966181366,0.9607009081773694,0.9403742713572589
26.014433441280865,1.8074189645756555,5.989509594674405,4.0,0.7255574438221611,11.221650161921296,8.15483792915131,0.959790191893488,0.9401957498244912
26.014259968603447,1.8251934920368373,5.992503583849008,4.0,0.7588852662297207,11.22138995290517,8.190386984073674,0.9598500716769801,0.9402843839872813
25.99278067668362,1.853186596067285,5.978378733448002,4.0,0.7618620251593676,11.189171015025426,8.24637319213457,0.95956757466896,0.9402463742427777
25.99380907121372,1.8365226604448424,5.974977728472294,4.0,0.7463019572711402,11.19071360682058,8.213045320889684,0.9594995545694458,0.9403696108076827
25.98954553958962,1.850980184516738,5.9859131261891445,4.0,0.7188674165295219,11.184318309384429,8.241960369033475,0.9597182625237829,0.9394366154814545
26.012120199026914,1.8043914129500744,6.035095883639687,4.0,0.7839291273658008,11.218180298540368,8.148782825900147,0.9607019176727937,0.9391672282368465
26.004220349344052,1.8280657377625922,5.989101618263821,4.0,0.749247305951503,11.206330524016078,8.196131475525183,0.9597820323652764,0.9401596544457408
26.02206603764033,1.8322845529732408,6.003006035229237,4.0,0.7488610875255787,11.233099056460494,8.204569105946481,0.9600601207045847,0.9398545551151144
26.006156035377842,1.7957966321468675,5.973036291557886,4.0,0.7534173087625589,11.20923405306676,8.131593264293734,0.9594607258311577,0.940297305637609
25.996320333272948,1.830368678661308,6.006951634107233,4.0,0.7344339054919538,11.19448049990942,8.200737357322614,0.9601390326821446,0.9397840961278762
26.003916905101953,1.8104325444476994,6.008165055114289,4.0,0.7705831127465129,11.20587535765293,8.160865088895399,0.9601633011022858,0.9393189665583048
26.009451949648263,1.8351205946862776,6.0196538196789104,4.0,0.7702874013003627,11.214177924472391,8.210241189372555,0.9603930763935782,0.9406661897777849
25.96318251537337,1.804408460665286,5.9875036284460865,4.0,0.7603531804093825,11.14477377306005,8.148816921330571,0.9597500725689216,0.9400104364200843
25.985485123736932,1.8337353352895416,5.984892341352934,4.0,0.7218667780630356,11.178227685605396,8.207470670579083,0.9596978468270586,0.9397553928788032
34.0,1.99,5.5,4.0,0.65,12.4,8.0,0.94,0.91
33.98153533507778,1.9629663078876733,5.480482534940453,4.0,0.6310120222233612,12.372303002616674,7.945932615775346,0.939609650698809,0.9104214567186432
34.05264764129675,1.9998663580176177,5.503696722473897,4.0,0.6640061975881798,12.478971461945122,8.019732716035236,0.9400739344494778,0.9096566568879275
33.98848724347524,1.9924401962929073,5.551201690765376,4.0,0.6729854665257136,12.382730865212867,8.004880392585815,0.9410240338153074,0.9099615760401102
33.98593647149748,1.9893002301900609,5.5354160127127106,4.0,0.6862489711599385,12.378904707246225,7.998600460380121,0.9407083202542541,0.909749213176885
34.01415503870911,1.9787506644821147,5.51264815478111,4.0,0.6624361992443439,12.421232558063664,7.977501328964229,0.9402529630956221,0.9103890217798507
33.96859550560219,1.9754572564835027,5.49504962728897,4.0,0.6624134419510136,12.352893258403286,7.970914512967005,0.9399009925457793,0.90997022662836
34.00355402001866,1.963293112825798,5.50760395702012,4.0,0.6611958089586208,12.405331030027998,7.946586225651596,0.9401520791404023,0.9102442342981135
34.02161561451109,2.006678443090978,5.509183601584569,4.0,0.6167807813296802,12.43242342176664,8.033356886181956,0.9401836720316913,0.9099719337154166
34.00859236438265,1.9941537537432623,5.5054315767439075,4.0,0.6283788691918347,12.412888546573978,8.008307507486524,0.9401086315348781,0.9094893005696719
34.021063057066655,1.989208896922867,5.513630013947452,4.0,0.6505951227899149,12.431594585599987,7.998417793845734,0.940272600278949,0.9100113273504522
34.01876567611952,1.9796791054356526,5.50192241553882,4.0,0.6413100754513537,12.42814851417928,7.979358210871305,0.9400384483107763,0.909815089884518
33.99381655753063,1.9944426754326743,5.49042502756673,4.0,0.63210785395561,12.390724836295941,8.008885350865349,0.9398085005513346,0.9105023024502295
33.99626256711677,1.9812053788345165,5.528939557687075,4.0,0.6706368907893727,12.39439385067516,7.982410757669033,0.9405787911537414,0.9100786219106046
33.97028879253926,1.9953410053173852,5.517792615912469,4.0,0.6713096075013071,12.355433188808892,8.01068201063477,0.9403558523182494,0.9100329135957101
33.98965423099799,2.0181869488037116,5.545977962472385,4.0,0.6410899495719846,12.384481346496989,8.056373897607424,0.9409195592494477,0.9098548645758242
34.02906768954235,2.0215914429146142,5.489542799456935,4.0,0.6443643078227899,12.443601534313531,8.063182885829228,0.9397908559891386,0.9098319252731617
33.973110989779315,1.971626961070316,5.479917184664958,4.0,0.6493063022522644,12.359666484668972,7.963253922140632,0.9395983436932991,0.9096928809739584
34.00468429465073,2.0210100098562815,5.480032919185224,4.0,0.6457202231154898,12.407026441976097,8.062020019712563,0.9396006583837044,0.9103937289593906
33.999010725806954,2.003496389843332,5.477545559568754,4.0,0.6533290441642612,12.398516088710428,8.026992779686664,0.939550911191375,0.9101529638984737
34.00984902528016,1.9957833728781564,5.549106002798218,4.0,0.6393800608999637,12.414773537920246,8.011566745756312,0.9409821200559643,0.9097449040062995
33.9875371894715,1.978890457616795,5.48725225745387,4.0,0.6784100849597972,12.381305784207257,7.9777809152335895,0.9397450451490773,0.9104756066124431
33.98858507412501,1.9733528885379155,5.509428311127728,4.0,0.6626586363551102,12.382877611187515,7.9667057770758305,0.9401885662225545,0.9097791107822877
34.00405846041703,1.9596851177000554,5.530950104026601,4.0,0.6377442261903123,12.40608769062554,7.93937023540011,0.940619002080532,0.9107183510692383
33.99224596880128,1.995717307814498,5.50668913579974,4.0,0.6902040907753271,12.38836895320192,8.011434615628996,0.9401337827159948,0.9102634177090692
33.99646105545012,1.974034055109231,5.472413615439709,4.0,0.6493374605425241,12.39469158317518,7.968068110218462,0.9394482723087941,0.9097076279840233
27.0,1.88,7.0,3.0,0.75,13.9,7.8,0.91,0.88
27.035891157270356,1.8696477740192765,7.004475759032778,3.0,0.7737678654689617,13.953836735905535,7.779295548038553,0.9100895151806556,0.8799934308415709
27.050538648517474,1.8693826245415934,6.990211211149636,3.0,0.7636378297925263,13.97580797277621,7.778765249083187,0.9098042242229928,0.8804176643508276
27.03693414651472,1.8916785637065192,6.992814158184259,3.0,0.7721740716116582,13.955401219772082,7.823357127413038,0.9098562831636852,0.8802362619322769
27.01640964362395,1.8901454806221458,7.021333493791783,3.0,0.7776431798207506,13.924614465435921,7.820290961244292,0.9104266698758356,0.8804677182361783
27.01297419775179,1.8766576383936628,7.002934273728666,3.0,0.7336612865802553,13.91946129662769,7.793315276787325,0.9100586854745734,0.8804826035866034
27.00737346617746,1.8721332237534527,7.000574896458696,3.0,0.753821981360398,13.911060199266187,7.784266447506905,0.9100114979291739,0.8805113807450429
27.000928730963125,1.8528028771804015,7.014925071320544,3.0,0.7932650944661092,13.901393096444686,7.7456057543608035,0.9102985014264109,0.8802581936724564
26.99384443530094,1.8843830065532787,7.004987673674215,3.0,0.748094089352261,13.89076665295141,7.808766013106557,0.9100997534734844,0.8806309813119054
27.00558043051541,1.8921579301943308,7.003732182463128,3.0,0.7538817998579661,13.908370645773111,7.824315860388661,0.9100746436492626,0.8798214265541798
27.021472634997195,1.8594696940117788,7.002659393482937,3.0,0.7739009325784969,13.932208952495793,7.758939388023557,0.9100531878696588,0.8797199516740243
26.969536261904324,1.8688215630545681,7.007544237501291,3.0,0.7486849947785402,13.854304392856488,7.777643126109136,0.9101508847500258,0.8806262096116937
26.988896009466135,1.9176231413888116,6.9710397219916755,3.0,0.7588002890010667,13.883344014199205,7.875246282777623,0.9094207944398335,0.879120477617352
26.989958915512947,1.8595753436573856,7.014167128945987,3.0,0.7387184273852654,13.884938373269422,7.759150687314771,0.9102833425789197,0.8800975202855085
26.97439391202658,1.8974491465656027,7.013004023559173,3.0,0.7869327399209534,13.861590868039874,7.8348982931312054,0.9102600804711835,0.8799603296544882
26.978598304673476,1.8494894965815052,6.986161838602375,3.0,0.7548667889864539,13.867897457010216,7.73897899316301,0.9097232367720476,0.8799817655934578
26.995175278842872,1.8870411079302858,6.974969211516191,3.0,0.7483569764321486,13.89276291826431,7.814082215860572,0.9094993842303238,0.8805775058416293
27.022345916631764,1.886854506927554,7.009135064383075,3.0,0.7589541712003463,13.933518874947644,7.813709013855108,0.9101827012876615,0.8802279069120929
27.012854455197353,1.9065830506026484,7.00393042339403,3.0,0.7482052861142555,13.919281682796028,7.853166101205297,0.9100786084678806,0.8802836015030354
27.02880234430899,1.8664721539588145,7.036018808658216,3.0,0.721384497957639,13.943203516463484,7.772944307917629,0.9107203761731644,0.8799839368197423
27.002562088298216,1.8663789668505022,7.016812870979774,3.0,0.7410763313357044,13.903843132447324,7.772757933701005,0.9103362574195956,0.8797389504082791
26.962209185381088,1.8709538736150184,6.951522413467421,3.0,0.765208293122886,13.843313778071634,7.781907747230036,0.9090304482693484,0.8793664388706057
27.015716003173015,1.8885091512356993,6.980660477137416,3.0,0.7499279492181886,13.923574004759525,7.817018302471398,0.9096132095427484,0.8799809154575432
26.97683270621615,1.910067966035343,7.017547245811514,3.0,0.7505377167798906,13.865249059324224,7.860135932070686,0.9103509449162303,0.8799116143304682
27.004167656158952,1.839165302631514,6.995056452349588,3.0,0.7299675998021017,13.906251484238426,7.718330605263028,0.9099011290469918,0.8797272063008009
26.99437799414228,1.9159537305369903,7.01281685722534,3.0,0.7614516556271231,13.891566991213422,7.871907461073981,0.9102563371445068,0.8797715284040869
23.0,1.63,3.0,4.0,0.7,14.1,7.5,0.9,0.89
23.02798710873172,1.6484926736582552,3.0011926073984037,4.0,0.7139644662722717,14.141980663097579,7.536985347316511,0.9000238521479681,0.8897412252889177
23.007869707708434,1.6479038644005546,3.0127034360336395,4.0,0.6892952957687886,14.111804561562652,7.535807728801109,0.9002540687206728,0.8904198210861277
23.026347881312688,1.633951992093848,3.0415052174525052,4.0,0.7347192760633049,14.13952182196903,7.507903984187696,0.9008301043490501,0.8897243248727642
23.003958215669254,1.616971639927711,2.9903222833189136,4.0,0.7084833189280383,14.105937323503879,7.473943279855422,0.8998064456663782,0.8898718610767223
23.01045670976071,1.6185259999212283,2.9995129081547804,4.0,0.7345508634020141,14.115685064641065,7.477051999842457,0.8999902581630956,0.8908569081434448
23.00872647339348,1.630760069563364,3.002400626534365,4.0,0.6795441486960319,14.11308971009022,7.501520139126728,0.9000480125306873,0.8902454071890922
22.994852469251533,1.5966283185224481,3.0079844624521055,4.0,0.6903362707540125,14.0922787038773,7.433256637044896,0.9001596892490421,0.8902588783758811
23.0314797352658,1.605484686739953,2.9707125023958034,4.0,0.720941966052243,14.147219602898701,7.450969373479906,0.8994142500479161,0.890089780727424
23.03367855382916,1.620822314742621,3.021573616668626,4.0,0.6965474540011836,14.150517830743736,7.481644629485243,0.9004314723333725,0.8899845966121998
23.017673198749733,1.6430464575682684,2.968472156860315,4.0,0.727601827082949,14.1265097981246,7.5260929151365366,0.8993694431372063,0.8905906161398903
22.98748874596981,1.6379160706687481,3.0098806037256547,4.0,0.6889938969230915,14.081233118954714,7.515832141337496,0.9001976120745131,0.8901042695063296
22.98656753264124,1.629488918580171,3.023454580385187,4.0,0.6925877133582778,14.079851298961858,7.498977837160342,0.9004690916077037,0.8902174400618378
23.015433974212968,1.5730291475873983,3.022975314007442,4.0,0.6927511811719373,14.12315096131945,7.386058295174797,0.9004595062801488,0.8893041144884888
22.97760660210748,1.6041063704855818,3.0232165357475704,4.0,0.7069300776346142,14.066409903161215,7.448212740971163,0.9004643307149515,0.8898129195194753
22.999061588422418,1.6395408165444623,3.0015364378212053,4.0,0.7199253363889427,14.098592382633624,7.519081633088925,0.9000307287564241,0.8894868031103246
22.990124868336775,1.598868362026805,2.991437696780682,4.0,0.7170044348422698,14.08518730250516,7.43773672405361,0.8998287539356137,0.8906003039162538
22.993026957311844,1.6230148459136313,2.9935672989756523,4.0,0.707638709044631,14.089540435967765,7.486029691827262,0.899871345979513,0.8908306991934244
23.00860083294382,1.6506056690806368,3.00477578318053,4.0,0.6960730030183004,14.112901249415732,7.541211338161274,0.9000955156636107,0.8898963831416717
22.998567974811717,1.6292555552698031,3.0145525908727397,4.0,0.7146528015443115,14.097851962217577,7.4985111105396065,0.9002910518174548,0.8900207783543229
22.998385668397827,1.6315727038063217,2.9600359863093577,4.0,0.7069297695179598,14.097578502596742,7.503145407612644,0.8992007197261872,0.890366531069881
23.019960202197193,1.572074892436126,3.0417674940956148,4.0,0.7221636563347503,14.12994030329579,7.384149784872252,0.9008353498819123,0.8899441641487379
22.979201881457488,1.6422554781012513,2.9789316887365267,4.0,0.7382806270773357,14.068802822186234,7.524510956202503,0.8995786337747306,0.8897504924157217
22.996186351984733,1.6343486574635944,3.0174013546137752,4.0,0.7030083781028715,14.094279527977099,7.508697314927189,0.9003480270922756,0.890198272755189
23.007299220049326,1.6780683117047654,2.9988476240593283,4.0,0.7210130879201522,14.110948830073987,7.596136623409531,0.8999769524811866,0.890080439618686
23.022110518659158,1.6537406061112074,3.0127746044405836,4.0,0.7326686306460218,14.133165777988738,7.547481212222415,0.9002554920888117,0.8895427980349078
28.0,1.91,8.0,4.0,0.75,15.2,6.8,0.89,0.87
27.977073092139626,1.9160527093047806,7.984914482999613,4.0,0.7565752482060696,15.165609638209439,6.812105418609561,0.8896982896599923,0.8699743446613628
28.006427144309004,1.9184384150847056,8.032274225381173,4.0,0.745116867294187,15.209640716463507,6.816876830169411,0.8906454845076235,0.8701814137206055
28.019281743365767,1.9337894097784927,7.9754478436972605,4.0,0.7640234548462179,15.22892261504865,6.847578819556985,0.8895089568739453,0.87023896002794
27.9940487299328,1.9375141362662323,7.996998888259349,4.0,0.7465385635143226,15.191073094899199,6.855028272532465,0.889939977765187,0.8700502305813886
28.000311580951628,1.8880744982620958,7.971198982348114,4.0,0.7330607730336335,15.200467371427443,6.756148996524192,0.8894239796469623,0.87063780202529
27.980172153010873,1.8669321977279256,7.98722076504621,4.0,0.7828403032027274,15.17025822951631,6.713864395455851,0.8897444153009242,0.869470764082637
28.020196341786853,1.8962369930964456,8.045048716106885,4.0,0.7435033723298275,15.230294512680278,6.772473986192891,0.8909009743221378,0.8703927061947966
27.95001188570253,1.9558188514518147,7.972208550664728,4.0,0.7704514086401928,15.125017828553792,6.89163770290363,0.8894441710132945,0.8693418405012172
28.048795048126784,1.9376854563702104,8.011278182401048,4.0,0.7670683111756061,15.273192572190178,6.855370912740421,0.890225563648021,0.8702379017366662
28.015178571795737,1.9156238284793874,8.002084022079037,4.0,0.7349207082226665,15.222767857693603,6.811247656958775,0.8900416804415807,0.8699749627488402
27.994386498462664,1.8761408637160921,7.998033207464105,4.0,0.7279282136556846,15.191579747693996,6.732281727432184,0.8899606641492821,0.8696045635571397
28.00359788302307,1.9378400457268918,8.018366332120046,4.0,0.7302074372685933,15.205396824534605,6.855680091453784,0.8903673266424009,0.8693717997585507
28.018815423759765,1.8903502521292337,7.99550733700006,4.0,0.7306331109027273,15.228223135639645,6.760700504258468,0.8899101467400012,0.8702200208396098
28.00210751012292,1.883319490101636,7.9879726471209755,4.0,0.7181401253293667,15.203161265184377,6.746638980203271,0.8897594529424195,0.870127912773657
28.00880949475921,1.9096072440214662,8.011049799088344,4.0,0.7772828085994768,15.213214242138811,6.799214488042932,0.8902209959817668,0.8700895656536258
28.002504490052956,1.901411889177495,8.002445950060645,4.0,0.7509772014065141,15.203756735079436,6.78282377835499,0.890048919001213,0.8702173192116146
28.000811833824077,1.8959601662438648,7.986741981648981,4.0,0.7849915348637387,15.201217750736117,6.7719203324877295,0.8897348396329796,0.8694389578912801
27.975122735292175,1.8961418960440817,7.9856318546886165,4.0,0.7441010064341594,15.162684102938261,6.772283792088164,0.8897126370937724,0.8703579697507777
28.024954841453475,1.8965301875151226,8.005579883244476,4.0,0.7929029825554678,15.237432262180212,6.773060375030245,0.8901115976648896,0.869665861178696
27.97624803161941,1.9161964142045405,8.012675537618643,4.0,0.7462942468224458,15.164372047429113,6.812392828409081,0.8902535107523728,0.8701655196389806
27.99740358600533,1.910876229439582,7.99705995996743,4.0,0.794210460031827,15.196105379007996,6.8017524588791645,0.8899411991993487,0.8703855516467179
27.988850164299844,1.8826039404084183,7.998234359032975,4.0,0.7339265086406054,15.183275246449764,6.745207880816837,0.8899646871806595,0.8710318837350617
28.03278233610888,1.9435540162815288,7.98892823516584,4.0,0.7825679324625707,15.249173504163322,6.867108032563057,0.8897785647033168,0.8702275932316741
27.99241744518025,1.9059283927979527,7.988366381721027,4.0,0.7370144490986799,15.188626167770375,6.791856785595906,0.8897673276344206,0.8695940973077229
27.975521194664754,1.9106816693651845,7.984600535378827,4.0,0.7188820870759275,15.163281791997132,6.8013633387303685,0.8896920107075765,0.8700935143647163
42.0,2.16,5.0,2.0,0.8,15.8,6.5,0.88,0.85
42.00661760464429,2.1766705792321788,4.960125287148571,2.0,0.8245533798494659,15.809926406966435,6.533341158464357,0.8792025057429714,0.850149622627939
41.97580717962617,2.1934514477367544,5.008380380187321,2.0,0.7988846184468459,15.763710769439264,6.5669028954735085,0.8801676076037465,0.8497179952576966
42.011166538250436,2.1615201078282484,5.010775119848927,2.0,0.8033872164807216,15.816749807375652,6.503040215656497,0.8802155023969785,0.8496317305627682
41.971725710061904,2.157775478773026,4.981921847170704,2.0,0.8247218635042088,15.75758856509285,6.495550957546052,0.879638436943414,0.849705788022964
42.02182620241189,2.1721827624181436,4.978153744706549,2.0,0.8242619539995837,15.83273930361783,6.524365524836287,0.879563074894131,0.849873436620122
42.0028343382728,2.206386590799634,5.007866356787887,2.0,0.79381767071595,15.804251507409198,6.592773181599267,0.8801573271357578,0.850076819646596
42.002670818095645,2.156950603272389,5.014162173533772,2.0,0.784280210789841,15.80400622714347,6.493901206544778,0.8802832434706754,0.8503826809267178
41.97337534092885,2.1232758925379343,5.010159826538251,2.0,0.7569421881409504,15.760063011393267,6.426551785075868,0.8802031965307651,0.8495586533575304
42.00777157209062,2.2098599903486558,4.999878581769202,2.0,0.8016365871709513,15.81165735813593,6.599719980697311,0.8799975716353841,0.8503353963097806
41.99802220693618,2.1783815296597555,4.994194509116227,2.0,0.8064339561239203,15.797033310404267,6.536763059319511,0.8798838901823245,0.8501069569256288
41.98663819092714,2.1798408469907304,4.996500804866092,2.0,0.8107301968714081,15.77995728639071,6.539681693981461,0.8799300160973218,0.8496977019362029
41.98203064036418,2.160563623147383,4.999817620067116,2.0,0.8094939646575992,15.77304596054627,6.501127246294765,0.8799963524013423,0.8504343582263326
41.9994994608251,2.176355325984006,5.027804150980346,2.0,0.8002070523968676,15.799249191237646,6.532710651968012,0.880556083019607,0.8502231241225408
41.973763275352994,2.1386977267384926,4.993895505912906,2.0,0.7962605739402911,15.760644913029497,6.457395453476985,0.8798779101182581,0.8497561951191362
42.001132998497944,2.1705938550871346,4.998590024438818,2.0,0.8012894882962025,15.801699497746913,6.521187710174269,0.8799718004887763,0.8501946006575305
41.960490668672925,2.141213292123625,4.997118248885568,2.0,0.8119985745999241,15.740736003009385,6.4624265842472495,0.8799423649777114,0.8495161221028635
42.03061501664688,2.1843752370339464,4.995731142581396,2.0,0.8029733491440423,15.845922524970312,6.548750474067893,0.8799146228516279,0.85059629045474
41.99325828057764,2.1477319467291816,4.9939506062702375,2.0,0.8034083244475098,15.78988742086646,6.475463893458363,0.8798790121254048,0.8498447292725835
42.003211479620994,2.1600609204030685,5.008738763394927,2.0,0.8189910827088265,15.804817219431497,6.500121840806137,0.8801747752678986,0.8504762585099145
41.970302040631005,2.108921577301961,5.018686398224785,2.0,0.7955046919621463,15.755453060946504,6.397843154603922,0.8803737279644958,0.8494532485206339
41.97659773947881,2.1239603912483997,5.010829254564095,2.0,0.7884697919854656,15.76489660921822,6.427920782496799,0.8802165850912819,0.850303662064121
41.9481791541571,2.1490751110349504,5.007836080108051,2.0,0.8036671983955832,15.722268731235653,6.4781502220699005,0.8801567216021611,0.8494084353724903
41.99969380301654,2.171585829992022,5.002391607368283,2.0,0.8239314300332898,15.79954070452481,6.523171659984044,0.8800478321473657,0.8496107724236474
41.99682940853946,2.1594539092098013,4.981334640818536,2.0,0.782303945719462,15.795244112809192,6.498907818419602,0.8796266928163707,0.8498226870995234
41.996541078801535,2.194234169602847,4.972561977141373,2.0,0.8294234065498722,15.794811618202298,6.568468339205694,0.8794512395428274,0.8493545754408492
42.0,2.16,5.0,0.0,0.6,16.0,6.3,0.87,0.85
41.99581352645696,2.1466185452268016,5.0207980937479215,0.0,0.6365201942709386,15.993720289685443,6.273237090453603,0.8704159618749584,0.8497577537841052
42.01355851742679,2.150241771837086,5.04314616426531,0.0,0.6148419074401861,16.020337776140178,6.280483543674172,0.8708629232853062,0.8497577140307987
42.00598585160813,2.186034825787976,5.0312302239345374,0.0,0.5849316425930763,16.008978777412196,6.352069651575952,0.8706246044786907,0.8500128016596263
42.00919944285878,2.146445692604958,5.040267744950532,0.0,0.5926935689737578,16.013799164288173,6.272891385209916,0.8708053548990107,0.8500546141324331
42.003693606117295,2.1330574742094064,4.980567719229787,0.0,0.586862114420572,16.005540409175946,6.246114948418812,0.8696113543845957,0.8504801655631777
41.97906178034636,2.1707330550505457,5.02371408309326,0.0,0.6199209537161163,15.968592670519541,6.321466110101091,0.8704742816618652,0.850287581324266
41.98486409822861,2.131563786665163,5.03002667303911,0.0,0.594983339670899,15.977296147342916,6.243127573330326,0.8706005334607821,0.8498709280644631
42.02656388283698,2.1711246001880133,5.009117755441632,0.0,0.5871296353923972,16.039845824255472,6.322249200376026,0.8701823551088327,0.8508660009379604
42.018556802561626,2.1611402624979417,5.005371845577265,0.0,0.6101567151257925,16.027835203842436,6.302280524995883,0.8701074369115454,0.850611387370565
42.01076592158099,2.181450146746196,4.992700945409142,0.0,0.5791038161195793,16.01614888237149,6.3429002934923915,0.8698540189081828,0.8496643161330644
41.96067286821248,2.2011241425988066,4.977935832685566,0.0,0.5944637340022215,15.94100930231872,6.382248285197613,0.8695587166537113,0.8499114985505657
42.00614813395618,2.176314744250786,5.017209469767195,0.0,0.5966575657242718,16.00922220093427,6.3326294885015715,0.8703441893953439,0.8497667690245724
42.00565159900977,2.155026177476329,5.0321469115204,0.0,0.6146975557209964,16.00847739851465,6.290052354952658,0.870642938230408,0.8501963899806553
42.01325762537335,2.1834694771497065,5.003620431174074,0.0,0.6079937590350528,16.019886438060023,6.346938954299413,0.8700724086234815,0.8494812672208176
41.98697286212416,2.149427666365005,5.011727280375102,0.0,0.6004254315347212,15.980459293186245,6.27885533273001,0.870234545607502,0.8504953132285734
42.00617666025198,2.1940442988927047,5.0048150635897715,0.0,0.6113101929126309,16.009264990377968,6.368088597785409,0.8700963012717954,0.8510406732456721
41.96478474481688,2.175066832422091,5.0076231676976555,0.0,0.6134636270253991,15.947177117225326,6.3301336648441815,0.8701524633539531,0.8505159011016331
41.99723088032032,2.135514035274213,4.995819534854279,0.0,0.5883895310039056,15.995846320480487,6.251028070548426,0.8699163906970856,0.8496597918183163
42.01177156808841,2.1933980900870282,5.00789343059646,0.0,0.6088920533644028,16.01765735213262,6.366796180174056,0.8701578686119292,0.8495216467751859
42.02393262973291,2.1478043419136124,4.997319656666542,0.0,0.5843020337383552,16.03589894459937,6.275608683827224,0.8699463931333308,0.8500058752778916
42.01296560867688,2.1575810370278443,5.008390648878141,0.0,0.5912508339935317,16.019448413015315,6.295162074055688,0.8701678129775628,0.8496450031288791
42.01444762715656,2.152543336958165,5.034539277024668,0.0,0.6044936945150376,16.021671440734835,6.28508667391633,0.8706907855404934,0.8498401455257542
42.01865181663746,2.1316326853413394,4.964783823760384,0.0,0.6252516820685436,16.02797772495619,6.243265370682678,0.8692956764752077,0.8493897374741719
41.98896283708215,2.211163985713365,4.988715048026852,0.0,0.6308421990513575,15.983444255623226,6.40232797142673,0.8697743009605371,0.8500738205212788
42.04012185776318,2.201230071532728,5.024167324611863,0.0,0.6118505389840236,16.060182786644774,6.3824601430654555,0.8704833464922372,0.8504096250103246
25.0,1.55,5.0,4.0,0.75,16.3,6.0,0.86,0.84
25.015567221523334,1.5389762856734295,4.983636022331554,4.0,0.7465963075495015,16.323350832285,5.977952571346859,0.859672720446631,0.8399986502170356
24.990935439013455,1.5639277489491343,5.01910610417141,4.0,0.7795506016211052,16.286403158520184,6.027855497898269,0.8603821220834282,0.8400353627545167
24.97716621771733,1.5461268108144057,4.985663553587944,4.0,0.748346386283146,16.265749326575996,5.992253621628811,0.8597132710717589,0.8392533853531707
24.997565049832335,1.5802689948648427,5.012616233691095,4.0,0.7870818513266837,16.296347574748502,6.060537989729685,0.8602523246738218,0.8395903252702683
25.024420673910505,1.5616419540693725,4.995470318023004,4.0,0.7425558644785789,16.336631010865762,6.023283908138745,0.8599094063604601,0.8396162243053106
25.021774972394084,1.5876917261186922,5.030864870565444,4.0,0.7276076513342198,16.332662458591127,6.075383452237384,0.8606172974113089,0.8398044602312854
25.002817724938225,1.5146312126887431,5.006463354283696,4.0,0.7406792699626351,16.304226587407335,5.929262425377486,0.8601292670856739,0.8399409589654805
24.968105938654663,1.5602720021313943,4.9893459832067615,4.0,0.692554755734367,16.252158907981997,6.0205440042627885,0.8597869196641352,0.8395320332657159
24.99944970189899,1.585445031933395,5.033225184290957,4.0,0.7379557587927644,16.29917455284848,6.0708900638667895,0.8606645036858191,0.8398171614973654
25.0093754851215,1.5300322912162343,5.006035837996389,4.0,0.7745386644776862,16.31406322768225,5.9600645824324685,0.8601207167599277,0.8403064321113538
24.997996918470403,1.5459265249964607,4.982440348264869,4.0,0.7454704221619695,16.296995377705603,5.991853049992922,0.8596488069652973,0.839669247858384
25.007347310136325,1.5682716925246651,4.983936420986393,4.0,0.7445775279791487,16.311020965204484,6.03654338504933,0.8596787284197278,0.8405970754275838
24.99957265411303,1.5350557664170437,4.951515194794541,4.0,0.7647368779418486,16.299358981169547,5.970111532834087,0.8590303038958909,0.8403536181585444
24.994373448857637,1.5513398143444974,5.010318784354082,4.0,0.7394189464530742,16.291560173286456,6.002679628688995,0.8602063756870816,0.8393749816572453
25.015885293592437,1.524914211536615,5.005871158643332,4.0,0.7593285996486705,16.323827940388657,5.94982842307323,0.8601174231728667,0.8394573672781506
24.99928717035405,1.5176973636818898,5.023294787089143,4.0,0.7337949512597124,16.298930755531075,5.9353947273637795,0.8604658957417829,0.8397061633692807
25.00401138394462,1.5729727469885744,4.979683563620432,4.0,0.7585763300066115,16.30601707591693,6.045945493977149,0.8595936712724086,0.8400246719399391
25.01386211214526,1.5535288311055446,4.992659443218334,4.0,0.7517228776609275,16.320793168217897,6.007057662211089,0.8598531888643667,0.8396689639117405
24.978557219760287,1.4915729903301078,5.008731196083153,4.0,0.7027413512891633,16.267835829640433,5.883145980660216,0.8601746239216631,0.8403615739364344
24.979805385905802,1.562383085220104,5.041149909394234,4.0,0.7354399411754173,16.269708078858702,6.024766170440208,0.8608229981878847,0.8400083174830701
24.996342071177903,1.5774975283829638,4.987080716417509,4.0,0.7403451295563593,16.294513106766857,6.054995056765927,0.8597416143283502,0.8396803231973399
24.980933427834827,1.552453406319896,5.032493569169391,4.0,0.7449529299574742,16.27140014175224,6.004906812639792,0.8606498713833878,0.8401292317092464
24.99416377462169,1.518736183826067,5.017662195542943,4.0,0.7463904017281875,16.291245661932535,5.937472367652134,0.8603532439108589,0.8399688651211948
25.063862151356897,1.5559750581673137,4.984964178998096,4.0,0.7729689141839351,16.395793227035348,6.011950116334628,0.859699283579962,0.8398294569615178
25.002265408210754,1.5212344404336526,5.018384578691504,4.0,0.787465955524351,16.303398112316135,5.942468880867305,0.8603676915738301,0.8397327423657843
29.0,1.9,10.0,4.0,0.75,17.5,5.5,0.84,0.82
29.02160096131429,1.891053562086825,10.025620327234702,4.0,0.7670554735024444,17.53240144197144,5.48210712417365,0.8405124065446941,0.8200271422042109
29.00969465634589,1.8830728669001824,9.987129003353651,4.0,0.7433044933578692,17.514541984518836,5.466145733800365,0.839742580067073,0.8204119843270324
28.99192703073516,1.8808975484130128,10.00847198131187,4.0,0.7286493417149146,17.48789054610274,5.461795096826026,0.8401694396262374,0.8208250099676972
29.000484389133454,1.9282444111083086,9.998407172175085,4.0,0.7287521294370624,17.50072658370018,5.556488822216617,0.8399681434435017,0.8201809487184999
29.008566141944154,1.896257114699909,10.019714599913597,4.0,0.8017912728403723,17.51284921291623,5.492514229399818,0.8403942919982719,0.8204749544206259
29.01159266346427,1.9065159263316431,10.003887686031547,4.0,0.7567696768692338,17.517388995196406,5.513031852663286,0.8400777537206309,0.8198587334828756
28.994091971797218,1.9033692195253922,10.02635195071216,4.0,0.7727975712225809,17.49113795769583,5.5067384390507845,0.8405270390142432,0.8195973829738881
29.026342301346798,1.8976386294601784,9.957562902019829,4.0,0.7759398909312222,17.539513452020195,5.495277258920357,0.8391512580403966,0.8197568712051622
28.999542638754022,1.8800139553541018,9.989904501575436,4.0,0.7609346713640276,17.499313958131033,5.460027910708203,0.8397980900315087,0.8203362480106018
28.995221358016607,1.892663511763706,9.992164837019123,4.0,0.7823075137893888,17.492832037024908,5.485327023527413,0.8398432967403825,0.8196310359262006
28.99355359061577,1.92434317041651,10.03042632103845,4.0,0.741367593745639,17.49033038592366,5.54868634083302,0.840608526420769,0.8203993243592591
29.008074601806733,1.8995160878721815,9.981925962785397,4.0,0.726419204176804,17.5121119027101,5.499032175744364,0.8396385192557079,0.8201297437126885
29.02375358776923,1.890707654054032,10.004023193117456,4.0,0.7448219005259185,17.535630381653846,5.4814153081080645,0.8400804638623491,0.8201133151486184
29.011733876029506,1.8905019268675494,10.017425945949144,4.0,0.7525275915909282,17.517600814044258,5.481003853735099,0.8403485189189829,0.8194616081279013
29.038778579981166,1.8799933735078884,9.986445100589503,4.0,0.753591635638792,17.558167869971747,5.459986747015777,0.8397289020117901,0.8202055631398635
29.007012601985473,1.9097837426029531,10.012694429371235,4.0,0.7581963731385702,17.510518902978205,5.519567485205907,0.8402538885874247,0.8204438799367825
28.99517484690763,1.9134514740240545,10.037997638697904,4.0,0.7305094139065872,17.492762270361442,5.526902948048109,0.8407599527739581,0.819946946501447
29.022141613385738,1.897592376720928,9.95654660907972,4.0,0.7392934362809216,17.53321242007861,5.495184753441856,0.8391309321815944,0.8203389686708601
28.998189334353917,1.9066396066113802,10.003809993595581,4.0,0.7412902725886031,17.497284001530875,5.51327921322276,0.8400761998719116,0.8202837807268556
29.01026211596352,1.8948090664483215,10.01477620961775,4.0,0.7312912259591081,17.51539317394528,5.489618132896643,0.840295524192355,0.8202461469936052
29.0217196423235,1.8892807310977189,10.016161155965623,4.0,0.7867636735359025,17.532579463485252,5.478561462195438,0.8403232231193124,0.8201469149253605
28.995530680352562,1.893013664077636,9.999611607882246,4.0,0.765998838038841,17.493296020528845,5.486027328155272,0.8399922321576448,0.8198787280868662
28.96767378783127,1.8789263516170729,9.978643941568416,4.0,0.7842122674516385,17.451510681746903,5.4578527032341455,0.8395728788313683,0.8203801230367894
28.99791101562925,1.8966235655361996,10.001401043262264,4.0,0.7314529373161885,17.496866523443877,5.493247131072399,0.8400280208652452,0.8204647513210432
29.004767379654695,1.9195039525956485,10.010021883398798,4.0,0.7700209218513429,17.507151069482042,5.539007905191297,0.8402004376679759,0.8200758326466394
